"","Users","absoluteMass"
"79",50,0.105851851851852
"190",100,0.185203703703704
"31",150,0.0870666666666667
"193",200,0.166333333333333
"187",250,0.0460777777777778
"4",300,0.0368
