"","Users","absoluteMass"
"52",50,0.105820105820106
"28",100,0.138518518518519
"130",150,0.166333333333333
"34",200,0.166088888888889
"103",250,0.152451851851852
"13",300,0.0137634920634921
